model,calibration,temperature,accuracy,ece,brier,cross_entropy,direction_bits_proxy
FlyVis linear probe,uncalibrated,1.0,0.9208333333333333,0.09176231352238728,0.17559135610440638,2.7296230237605053,-1.3530510991544622
FlyVis linear probe,temperature_scaled,2.9000000000000004,0.9208333333333333,0.3130381451553023,0.2911507090579553,0.8117928397320581,1.4137929966105467
STN-CNN,uncalibrated,1.0,0.5763888888888888,0.13342723674658272,0.540925085085746,0.9808318101408048,1.1699213122848717
STN-CNN,temperature_scaled,1.05,0.5763888888888888,0.11984785949623228,0.5350965668088519,0.9756975567311238,1.1773284742176857
