variant,offdiag_direction_accuracy,ci_low,ci_high,flyvis_reference_accuracy,accuracy_drop_vs_flyvis,level_numeric,n
full,0.9236111111111112,0.9135416666666668,0.9329861111111112,0.9236111111111112,0.0,,2880
edge_dropout_proxy_0.10,0.9236111111111112,0.9135416666666668,0.9329861111111112,0.9236111111111112,0.0,0.1,2880
t4t5_attenuation_0.50,0.9236111111111112,0.9135416666666668,0.9329861111111112,0.9236111111111112,0.0,0.5,2880
non_t4t5_attenuation_0.50,0.9236111111111112,0.9135416666666668,0.9329861111111112,0.9236111111111112,0.0,0.5,2880
